insert into users (id, name, freeDay, freeMeal, sickDay) values (1, 'Dave', 0, 0, 0);

insert into weeks (id, userId, freebieFood) values (1, 1, 0);
insert into weeks (id, userId, freebieFood) values (2, 1, 0);
insert into weeks (id, userId, freebieFood) values (3, 1, 0);
insert into weeks (id, userId, freebieFood) values (4, 1, 0);
insert into weeks (id, userId, freebieFood) values (5, 1, 0);
insert into weeks (id, userId, freebieFood) values (6, 1, 0);
insert into weeks (id, userId, freebieFood) values (7, 1, 0);
insert into weeks (id, userId, freebieFood) values (8, 1, 0);

insert into days (weekId, wholeDate, month, day, positiveFood, negativeFood, fruitsVegetables, water, waterCupsCnt, after8, exercise, dailyGreatness, personalPrayer, scriptureStudy) values (1, '2018-01-06 00:00:00.000', 'Jan 2018', 6, 0, 0, 0, 0, 0, 0, 0, 0, 0, 0);
insert into days (weekId, wholeDate, month, day, positiveFood, negativeFood, fruitsVegetables, water, waterCupsCnt, after8, exercise, dailyGreatness, personalPrayer, scriptureStudy) values (1, '2018-01-07 00:00:00.000', 'Jan 2018', 7, 0, 0, 0, 0, 0, 0, 0, 0, 0, 0);
insert into days (weekId, wholeDate, month, day, positiveFood, negativeFood, fruitsVegetables, water, waterCupsCnt, after8, exercise, dailyGreatness, personalPrayer, scriptureStudy) values (1, '2018-01-08 00:00:00.000', 'Jan 2018', 8, 0, 0, 0, 0, 0, 0, 0, 0, 0, 0);
insert into days (weekId, wholeDate, month, day, positiveFood, negativeFood, fruitsVegetables, water, waterCupsCnt, after8, exercise, dailyGreatness, personalPrayer, scriptureStudy) values (1, '2018-01-09 00:00:00.000', 'Jan 2018', 9, 0, 0, 0, 0, 0, 0, 0, 0, 0, 0);
insert into days (weekId, wholeDate, month, day, positiveFood, negativeFood, fruitsVegetables, water, waterCupsCnt, after8, exercise, dailyGreatness, personalPrayer, scriptureStudy) values (1, '2018-01-10 00:00:00.000', 'Jan 2018', 10, 0, 0, 0, 0, 0, 0, 0, 0, 0, 0);
insert into days (weekId, wholeDate, month, day, positiveFood, negativeFood, fruitsVegetables, water, waterCupsCnt, after8, exercise, dailyGreatness, personalPrayer, scriptureStudy) values (1, '2018-01-11 00:00:00.000', 'Jan 2018', 11, 0, 0, 0, 0, 0, 0, 0, 0, 0, 0);
insert into days (weekId, wholeDate, month, day, positiveFood, negativeFood, fruitsVegetables, water, waterCupsCnt, after8, exercise, dailyGreatness, personalPrayer, scriptureStudy) values (1, '2018-01-12 00:00:00.000', 'Jan 2018', 12, 0, 0, 0, 0, 0, 0, 0, 0, 0, 0);
insert into days (weekId, wholeDate, month, day, positiveFood, negativeFood, fruitsVegetables, water, waterCupsCnt, after8, exercise, dailyGreatness, personalPrayer, scriptureStudy) values (2, '2018-01-13 00:00:00.000', 'Jan 2018', 13, 0, 0, 0, 0, 0, 0, 0, 0, 0, 0);
insert into days (weekId, wholeDate, month, day, positiveFood, negativeFood, fruitsVegetables, water, waterCupsCnt, after8, exercise, dailyGreatness, personalPrayer, scriptureStudy) values (2, '2018-01-14 00:00:00.000', 'Jan 2018', 14, 0, 0, 0, 0, 0, 0, 0, 0, 0, 0);
insert into days (weekId, wholeDate, month, day, positiveFood, negativeFood, fruitsVegetables, water, waterCupsCnt, after8, exercise, dailyGreatness, personalPrayer, scriptureStudy) values (2, '2018-01-15 00:00:00.000', 'Jan 2018', 15, 0, 0, 0, 0, 0, 0, 0, 0, 0, 0);
insert into days (weekId, wholeDate, month, day, positiveFood, negativeFood, fruitsVegetables, water, waterCupsCnt, after8, exercise, dailyGreatness, personalPrayer, scriptureStudy) values (2, '2018-01-16 00:00:00.000', 'Jan 2018', 16, 0, 0, 0, 0, 0, 0, 0, 0, 0, 0);
insert into days (weekId, wholeDate, month, day, positiveFood, negativeFood, fruitsVegetables, water, waterCupsCnt, after8, exercise, dailyGreatness, personalPrayer, scriptureStudy) values (2, '2018-01-17 00:00:00.000', 'Jan 2018', 17, 0, 0, 0, 0, 0, 0, 0, 0, 0, 0);
insert into days (weekId, wholeDate, month, day, positiveFood, negativeFood, fruitsVegetables, water, waterCupsCnt, after8, exercise, dailyGreatness, personalPrayer, scriptureStudy) values (2, '2018-01-18 00:00:00.000', 'Jan 2018', 18, 0, 0, 0, 0, 0, 0, 0, 0, 0, 0);
insert into days (weekId, wholeDate, month, day, positiveFood, negativeFood, fruitsVegetables, water, waterCupsCnt, after8, exercise, dailyGreatness, personalPrayer, scriptureStudy) values (2, '2018-01-19 00:00:00.000', 'Jan 2018', 19, 0, 0, 0, 0, 0, 0, 0, 0, 0, 0);
insert into days (weekId, wholeDate, month, day, positiveFood, negativeFood, fruitsVegetables, water, waterCupsCnt, after8, exercise, dailyGreatness, personalPrayer, scriptureStudy) values (3, '2018-01-20 00:00:00.000', 'Jan 2018', 20, 0, 0, 0, 0, 0, 0, 0, 0, 0, 0);
insert into days (weekId, wholeDate, month, day, positiveFood, negativeFood, fruitsVegetables, water, waterCupsCnt, after8, exercise, dailyGreatness, personalPrayer, scriptureStudy) values (3, '2018-01-21 00:00:00.000', 'Jan 2018', 21, 0, 0, 0, 0, 0, 0, 0, 0, 0, 0);
insert into days (weekId, wholeDate, month, day, positiveFood, negativeFood, fruitsVegetables, water, waterCupsCnt, after8, exercise, dailyGreatness, personalPrayer, scriptureStudy) values (3, '2018-01-22 00:00:00.000', 'Jan 2018', 22, 0, 0, 0, 0, 0, 0, 0, 0, 0, 0);
insert into days (weekId, wholeDate, month, day, positiveFood, negativeFood, fruitsVegetables, water, waterCupsCnt, after8, exercise, dailyGreatness, personalPrayer, scriptureStudy) values (3, '2018-01-23 00:00:00.000', 'Jan 2018', 23, 0, 0, 0, 0, 0, 0, 0, 0, 0, 0);
insert into days (weekId, wholeDate, month, day, positiveFood, negativeFood, fruitsVegetables, water, waterCupsCnt, after8, exercise, dailyGreatness, personalPrayer, scriptureStudy) values (3, '2018-01-24 00:00:00.000', 'Jan 2018', 24, 0, 0, 0, 0, 0, 0, 0, 0, 0, 0);
insert into days (weekId, wholeDate, month, day, positiveFood, negativeFood, fruitsVegetables, water, waterCupsCnt, after8, exercise, dailyGreatness, personalPrayer, scriptureStudy) values (3, '2018-01-25 00:00:00.000', 'Jan 2018', 25, 0, 0, 0, 0, 0, 0, 0, 0, 0, 0);
insert into days (weekId, wholeDate, month, day, positiveFood, negativeFood, fruitsVegetables, water, waterCupsCnt, after8, exercise, dailyGreatness, personalPrayer, scriptureStudy) values (3, '2018-01-26 00:00:00.000', 'Jan 2018', 26, 0, 0, 0, 0, 0, 0, 0, 0, 0, 0);
insert into days (weekId, wholeDate, month, day, positiveFood, negativeFood, fruitsVegetables, water, waterCupsCnt, after8, exercise, dailyGreatness, personalPrayer, scriptureStudy) values (4, '2018-01-27 00:00:00.000', 'Jan 2018', 27, 0, 0, 0, 0, 0, 0, 0, 0, 0, 0);
insert into days (weekId, wholeDate, month, day, positiveFood, negativeFood, fruitsVegetables, water, waterCupsCnt, after8, exercise, dailyGreatness, personalPrayer, scriptureStudy) values (4, '2018-01-28 00:00:00.000', 'Jan 2018', 28, 0, 0, 0, 0, 0, 0, 0, 0, 0, 0);
insert into days (weekId, wholeDate, month, day, positiveFood, negativeFood, fruitsVegetables, water, waterCupsCnt, after8, exercise, dailyGreatness, personalPrayer, scriptureStudy) values (4, '2018-01-29 00:00:00.000', 'Jan 2018', 29, 0, 0, 0, 0, 0, 0, 0, 0, 0, 0);
insert into days (weekId, wholeDate, month, day, positiveFood, negativeFood, fruitsVegetables, water, waterCupsCnt, after8, exercise, dailyGreatness, personalPrayer, scriptureStudy) values (4, '2018-01-30 00:00:00.000', 'Jan 2018', 30, 0, 0, 0, 0, 0, 0, 0, 0, 0, 0);
insert into days (weekId, wholeDate, month, day, positiveFood, negativeFood, fruitsVegetables, water, waterCupsCnt, after8, exercise, dailyGreatness, personalPrayer, scriptureStudy) values (4, '2018-01-31 00:00:00.000', 'Jan 2018', 31, 0, 0, 0, 0, 0, 0, 0, 0, 0, 0);
insert into days (weekId, wholeDate, month, day, positiveFood, negativeFood, fruitsVegetables, water, waterCupsCnt, after8, exercise, dailyGreatness, personalPrayer, scriptureStudy) values (4, '2018-02-01 00:00:00.000', 'Feb 2018', 1, 0, 0, 0, 0, 0, 0, 0, 0, 0, 0);
insert into days (weekId, wholeDate, month, day, positiveFood, negativeFood, fruitsVegetables, water, waterCupsCnt, after8, exercise, dailyGreatness, personalPrayer, scriptureStudy) values (4, '2018-02-02 00:00:00.000', 'Feb 2018', 2, 0, 0, 0, 0, 0, 0, 0, 0, 0, 0);
insert into days (weekId, wholeDate, month, day, positiveFood, negativeFood, fruitsVegetables, water, waterCupsCnt, after8, exercise, dailyGreatness, personalPrayer, scriptureStudy) values (5, '2018-02-03 00:00:00.000', 'Feb 2018', 3, 0, 0, 0, 0, 0, 0, 0, 0, 0, 0);
insert into days (weekId, wholeDate, month, day, positiveFood, negativeFood, fruitsVegetables, water, waterCupsCnt, after8, exercise, dailyGreatness, personalPrayer, scriptureStudy) values (5, '2018-02-04 00:00:00.000', 'Feb 2018', 4, 0, 0, 0, 0, 0, 0, 0, 0, 0, 0);
insert into days (weekId, wholeDate, month, day, positiveFood, negativeFood, fruitsVegetables, water, waterCupsCnt, after8, exercise, dailyGreatness, personalPrayer, scriptureStudy) values (5, '2018-02-05 00:00:00.000', 'Feb 2018', 5, 0, 0, 0, 0, 0, 0, 0, 0, 0, 0);
insert into days (weekId, wholeDate, month, day, positiveFood, negativeFood, fruitsVegetables, water, waterCupsCnt, after8, exercise, dailyGreatness, personalPrayer, scriptureStudy) values (5, '2018-02-06 00:00:00.000', 'Feb 2018', 6, 0, 0, 0, 0, 0, 0, 0, 0, 0, 0);
insert into days (weekId, wholeDate, month, day, positiveFood, negativeFood, fruitsVegetables, water, waterCupsCnt, after8, exercise, dailyGreatness, personalPrayer, scriptureStudy) values (5, '2018-02-07 00:00:00.000', 'Feb 2018', 7, 0, 0, 0, 0, 0, 0, 0, 0, 0, 0);
insert into days (weekId, wholeDate, month, day, positiveFood, negativeFood, fruitsVegetables, water, waterCupsCnt, after8, exercise, dailyGreatness, personalPrayer, scriptureStudy) values (5, '2018-02-08 00:00:00.000', 'Feb 2018', 8, 0, 0, 0, 0, 0, 0, 0, 0, 0, 0);
insert into days (weekId, wholeDate, month, day, positiveFood, negativeFood, fruitsVegetables, water, waterCupsCnt, after8, exercise, dailyGreatness, personalPrayer, scriptureStudy) values (5, '2018-02-09 00:00:00.000', 'Feb 2018', 9, 0, 0, 0, 0, 0, 0, 0, 0, 0, 0);
insert into days (weekId, wholeDate, month, day, positiveFood, negativeFood, fruitsVegetables, water, waterCupsCnt, after8, exercise, dailyGreatness, personalPrayer, scriptureStudy) values (6, '2018-02-10 00:00:00.000', 'Feb 2018', 10, 0, 0, 0, 0, 0, 0, 0, 0, 0, 0);
insert into days (weekId, wholeDate, month, day, positiveFood, negativeFood, fruitsVegetables, water, waterCupsCnt, after8, exercise, dailyGreatness, personalPrayer, scriptureStudy) values (6, '2018-02-11 00:00:00.000', 'Feb 2018', 11, 0, 0, 0, 0, 0, 0, 0, 0, 0, 0);
insert into days (weekId, wholeDate, month, day, positiveFood, negativeFood, fruitsVegetables, water, waterCupsCnt, after8, exercise, dailyGreatness, personalPrayer, scriptureStudy) values (6, '2018-02-12 00:00:00.000', 'Feb 2018', 12, 0, 0, 0, 0, 0, 0, 0, 0, 0, 0);
insert into days (weekId, wholeDate, month, day, positiveFood, negativeFood, fruitsVegetables, water, waterCupsCnt, after8, exercise, dailyGreatness, personalPrayer, scriptureStudy) values (6, '2018-02-13 00:00:00.000', 'Feb 2018', 13, 0, 0, 0, 0, 0, 0, 0, 0, 0, 0);
insert into days (weekId, wholeDate, month, day, positiveFood, negativeFood, fruitsVegetables, water, waterCupsCnt, after8, exercise, dailyGreatness, personalPrayer, scriptureStudy) values (6, '2018-02-14 00:00:00.000', 'Feb 2018', 14, 0, 0, 0, 0, 0, 0, 0, 0, 0, 0);
insert into days (weekId, wholeDate, month, day, positiveFood, negativeFood, fruitsVegetables, water, waterCupsCnt, after8, exercise, dailyGreatness, personalPrayer, scriptureStudy) values (6, '2018-02-15 00:00:00.000', 'Feb 2018', 15, 0, 0, 0, 0, 0, 0, 0, 0, 0, 0);
insert into days (weekId, wholeDate, month, day, positiveFood, negativeFood, fruitsVegetables, water, waterCupsCnt, after8, exercise, dailyGreatness, personalPrayer, scriptureStudy) values (6, '2018-02-16 00:00:00.000', 'Feb 2018', 16, 0, 0, 0, 0, 0, 0, 0, 0, 0, 0);
insert into days (weekId, wholeDate, month, day, positiveFood, negativeFood, fruitsVegetables, water, waterCupsCnt, after8, exercise, dailyGreatness, personalPrayer, scriptureStudy) values (7, '2018-02-17 00:00:00.000', 'Feb 2018', 17, 0, 0, 0, 0, 0, 0, 0, 0, 0, 0);
insert into days (weekId, wholeDate, month, day, positiveFood, negativeFood, fruitsVegetables, water, waterCupsCnt, after8, exercise, dailyGreatness, personalPrayer, scriptureStudy) values (7, '2018-02-18 00:00:00.000', 'Feb 2018', 18, 0, 0, 0, 0, 0, 0, 0, 0, 0, 0);
insert into days (weekId, wholeDate, month, day, positiveFood, negativeFood, fruitsVegetables, water, waterCupsCnt, after8, exercise, dailyGreatness, personalPrayer, scriptureStudy) values (7, '2018-02-19 00:00:00.000', 'Feb 2018', 19, 0, 0, 0, 0, 0, 0, 0, 0, 0, 0);
insert into days (weekId, wholeDate, month, day, positiveFood, negativeFood, fruitsVegetables, water, waterCupsCnt, after8, exercise, dailyGreatness, personalPrayer, scriptureStudy) values (7, '2018-02-20 00:00:00.000', 'Feb 2018', 20, 0, 0, 0, 0, 0, 0, 0, 0, 0, 0);
insert into days (weekId, wholeDate, month, day, positiveFood, negativeFood, fruitsVegetables, water, waterCupsCnt, after8, exercise, dailyGreatness, personalPrayer, scriptureStudy) values (7, '2018-02-21 00:00:00.000', 'Feb 2018', 21, 0, 0, 0, 0, 0, 0, 0, 0, 0, 0);
insert into days (weekId, wholeDate, month, day, positiveFood, negativeFood, fruitsVegetables, water, waterCupsCnt, after8, exercise, dailyGreatness, personalPrayer, scriptureStudy) values (7, '2018-02-22 00:00:00.000', 'Feb 2018', 22, 0, 0, 0, 0, 0, 0, 0, 0, 0, 0);
insert into days (weekId, wholeDate, month, day, positiveFood, negativeFood, fruitsVegetables, water, waterCupsCnt, after8, exercise, dailyGreatness, personalPrayer, scriptureStudy) values (7, '2018-02-23 00:00:00.000', 'Feb 2018', 23, 0, 0, 0, 0, 0, 0, 0, 0, 0, 0);
insert into days (weekId, wholeDate, month, day, positiveFood, negativeFood, fruitsVegetables, water, waterCupsCnt, after8, exercise, dailyGreatness, personalPrayer, scriptureStudy) values (8, '2018-02-24 00:00:00.000', 'Feb 2018', 24, 0, 0, 0, 0, 0, 0, 0, 0, 0, 0);
insert into days (weekId, wholeDate, month, day, positiveFood, negativeFood, fruitsVegetables, water, waterCupsCnt, after8, exercise, dailyGreatness, personalPrayer, scriptureStudy) values (8, '2018-02-25 00:00:00.000', 'Feb 2018', 25, 0, 0, 0, 0, 0, 0, 0, 0, 0, 0);
insert into days (weekId, wholeDate, month, day, positiveFood, negativeFood, fruitsVegetables, water, waterCupsCnt, after8, exercise, dailyGreatness, personalPrayer, scriptureStudy) values (8, '2018-02-26 00:00:00.000', 'Feb 2018', 26, 0, 0, 0, 0, 0, 0, 0, 0, 0, 0);
insert into days (weekId, wholeDate, month, day, positiveFood, negativeFood, fruitsVegetables, water, waterCupsCnt, after8, exercise, dailyGreatness, personalPrayer, scriptureStudy) values (8, '2018-02-27 00:00:00.000', 'Feb 2018', 27, 0, 0, 0, 0, 0, 0, 0, 0, 0, 0);
insert into days (weekId, wholeDate, month, day, positiveFood, negativeFood, fruitsVegetables, water, waterCupsCnt, after8, exercise, dailyGreatness, personalPrayer, scriptureStudy) values (8, '2018-02-28 00:00:00.000', 'Feb 2018', 28, 0, 0, 0, 0, 0, 0, 0, 0, 0, 0);
insert into days (weekId, wholeDate, month, day, positiveFood, negativeFood, fruitsVegetables, water, waterCupsCnt, after8, exercise, dailyGreatness, personalPrayer, scriptureStudy) values (8, '2018-03-01 00:00:00.000', 'Mar 2018', 1, 0, 0, 0, 0, 0, 0, 0, 0, 0, 0);
insert into days (weekId, wholeDate, month, day, positiveFood, negativeFood, fruitsVegetables, water, waterCupsCnt, after8, exercise, dailyGreatness, personalPrayer, scriptureStudy) values (8, '2018-03-02 00:00:00.000', 'Mar 2018', 2, 0, 0, 0, 0, 0, 0, 0, 0, 0, 0);
insert into days (weekId, wholeDate, month, day, positiveFood, negativeFood, fruitsVegetables, water, waterCupsCnt, after8, exercise, dailyGreatness, personalPrayer, scriptureStudy) values (8, '2018-03-03 00:00:00.000', 'Mar 2018', 3, 0, 0, 0, 0, 0, 0, 0, 0, 0, 0);

insert into simple_people (name, details, points) values ('Joe', 'Debitis dolores eligendi eaque nihil praesentium libero recusandae! Illum', 0);
insert into simple_people (name, details, points) values ('Karen', 'Lorem accusamus doloribus ipsum inventore illo ea incidunt Provident eligendi aperiam obcaecati architecto unde', 2);
insert into simple_people (name, details, points) values ('George', 'Corrupti maxime molestiae optio voluptatibus ad vitae dolor unde Assumenda', 5);
insert into simple_people (name, details, points) values ('Kyle', 'obcaecati tempora Alias officia doloremque dolorem consectetur quasi Pariatur illo similique', 10);

-- weekId = 1
-- month = "Feb"
-- days = (1..28)
-- puts days.map {|day| "insert into days (weekId, month, day, positiveFood, negativeFood, fruitsVegetables, water, waterCupsCnt, after8, exercise, dailyGreatness, personalPrayer, scriptureStudy) values (1, '#{month}', #{day}, 0, 0, 0, 0, 0, 0, 0, 0, 0, 0);"}

-- knex-migrate up
-- sqlite3 dev.sqlite3 < seed.sql


-- require 'time'
--
-- startDate = Time.parse('2017-01-06')
-- endDate = Time.parse('2017-03-02')
-- curDate = startDate
--
-- dates = []
-- while (curDate <= endDate) do 
--   dates << curDate; curDate += (3600*24)
-- end
--
-- dates.map{|x| x.strftime('%Y-%m-%d')}

